mrn,first_name,last_name,date_of_birth,gender,race,ethnicity,address_line1,city,state,zip_code,ssn,phone_number,email,source_system,deceased_flag,deceased_date,_ingest_timestamp
MRN100000,Mark,Johnson,1956-12-03,M,Asian,Hispanic or Latino,18196 Anthony Forge,New Carolyn,OH,26563,328-27-2679,001-486-537-9402x654,curtis61@example.com,EPIC_EHR_01,Y,2015-11-28,2026-07-10T04:20:39.280998
MRN100001,Larry,Roman,2000-07-29,M,White,Hispanic or Latino,1849 Ray Squares,North Donnaport,CO,31013,195-37-4811,664-375-2553,amandasanchez@example.com,EPIC_EHR_01,N,,2026-07-10T04:20:39.282439
MRN100002,James,Mayo,1991-12-17,M,Other,Declined to Answer,503 Linda Locks,Carlshire,FM,94599,818-79-7873,837-767-2423x88496,wendytaylor@example.com,EPIC_EHR_01,N,,2026-07-10T04:20:39.283018
MRN100003,Ann,Williams,1941-01-17,F,White,Hispanic or Latino,691 James Mountain,Tashatown,TX,94967,814-64-6574,284-651-4627,williamrodriguez@example.net,EPIC_EHR_01,N,,2026-07-10T04:20:39.283578
MRN100004,Edwin,Fowler,1988-12-24,M,Asian,Hispanic or Latino,2880 Burns Creek,Natashaport,IA,08093,194-58-2584,991.417.1822,allison96@example.org,EPIC_EHR_01,N,,2026-07-10T04:20:39.283971
MRN100005,Tanya,Campos,1996-09-30,F,Declined to Answer,Hispanic or Latino,5787 John Circles Suite 098,New Jeffrey,CA,93279,847-68-9785,+1-403-910-5183x4738,kristenaguirre@example.org,EPIC_EHR_01,N,,2026-07-10T04:20:39.284475
MRN100006,Anna,Hopkins,1964-07-14,F,Asian,Declined to Answer,0106 Mcbride Coves Apt. 338,Taylorburgh,KY,61138,733-56-4150,517.481.0801,ntucker@example.com,CERNER_EHR_02,N,,2026-07-10T04:20:39.284918
MRN100007,Steven,Martin,1930-09-23,M,Declined to Answer,Not Hispanic or Latino,7468 Moore Hill Apt. 098,Lake Leeton,OR,62994,181-39-2654,582.208.1219x13619,barnesbrandy@example.net,EPIC_EHR_01,N,,2026-07-10T04:20:39.285366
MRN100008,Emily,Green,1994-10-25,F,Asian,Hispanic or Latino,46247 Hickman Cliffs Apt. 799,Portland,KS,17862,479-55-4432,(613)354-2784x980,josephpreston@example.net,EPIC_EHR_01,N,,2026-07-10T04:20:39.285912
MRN100009,Juan,Nelson,1988-08-01,M,Black or African American,Declined to Answer,48740 Cynthia Village Suite 005,Lake Tina,GA,97655,846-41-3677,486.880.1128x059,bobbydiaz@example.org,EPIC_EHR_01,N,,2026-07-10T04:20:39.286376
MRN100010,Stephanie,Clark,1954-06-23,F,Other,Declined to Answer,8692 Michelle Union,South Angel,WA,44041,670-38-6313,(534)221-6073x37543,raymondramirez@example.org,CERNER_EHR_02,N,,2026-07-10T04:20:39.286892
MRN100011,Walter,Ramirez,1992-02-07,M,White,Not Hispanic or Latino,850 Natalie Green Apt. 940,New Ryanmouth,NE,79958,510-44-2084,316.793.4060x88356,elizabeth14@example.net,EPIC_EHR_01,N,,2026-07-10T04:20:39.287331
MRN100012,Ellen,Ortiz,1969-02-24,F,American Indian or Alaska Native,Not Hispanic or Latino,236 Byrd Extensions Suite 680,Justinchester,WY,76520,758-68-3340,+1-757-377-3872x148,emilywalker@example.org,EPIC_EHR_01,N,,2026-07-10T04:20:39.287838
MRN100013,Charles,Williams,2024-12-23,M,Native Hawaiian or Other Pacific Islander,Not Hispanic or Latino,6936 Ross Drive,Port Michelleville,WI,56225,864-84-8019,428.970.8317,stephanie79@example.net,CERNER_EHR_02,N,,2026-07-10T04:20:39.288242
MRN100014,Stephanie,Simmons,2017-07-30,F,Black or African American,Declined to Answer,77434 Sims Harbor Suite 143,Matthewside,CO,18637,605-21-1771,(936)823-1665,clarkrobert@example.net,CERNER_EHR_02,N,,2026-07-10T04:20:39.288744
MRN100015,Tracy,Smith,2015-01-24,M,Declined to Answer,Declined to Answer,0546 Medina Street Apt. 734,Tuckerfurt,MA,88171,532-86-2040,+1-462-972-9806x99016,brentgray@example.org,EPIC_EHR_01,N,,2026-07-10T04:20:39.289211
MRN100016,Jordan,Rogers,2014-12-19,F,Native Hawaiian or Other Pacific Islander,Hispanic or Latino,4170 Zoe Keys Apt. 100,East Mary,RI,20474,796-24-9797,427.319.3745,tamirodriguez@example.org,CERNER_EHR_02,N,,2026-07-10T04:20:39.289746
MRN100017,Tanya,Johnston,2017-09-10,F,American Indian or Alaska Native,Hispanic or Latino,3193 Heidi Hollow Apt. 905,Stanleyland,NY,85375,564-10-5315,906-971-6572x62849,lpetersen@example.com,CERNER_EHR_02,N,,2026-07-10T04:20:39.290159
MRN100018,Frank,Sanchez,2020-03-30,M,White,Declined to Answer,3799 Rogers Park Suite 273,Laurenmouth,KY,78640,405-91-9317,001-948-908-3136x783,fmcguire@example.com,EPIC_EHR_01,N,,2026-07-10T04:20:39.290621
MRN100019,Daniel,Holt,1959-12-01,M,Black or African American,Declined to Answer,8856 Bell Motorway Suite 443,Lake Jamesville,WA,70737,897-77-1009,001-723-437-4989x41343,alexis82@example.com,EPIC_EHR_01,N,,2026-07-10T04:20:39.291007
MRN100020,Amber,Brown,1958-07-26,F,Asian,Not Hispanic or Latino,710 Harrison Mill,Jackton,KS,63117,345-17-4946,616-371-9022,davidduran@example.net,CERNER_EHR_02,Y,1999-01-28,2026-07-10T04:20:39.291514
MRN100021,Luke,Rowe,1967-01-14,M,American Indian or Alaska Native,Hispanic or Latino,9649 Chelsea Streets Apt. 334,East Johnside,CA,21018,878-78-3060,6679974034,mcdanielsandra@example.net,EPIC_EHR_01,N,,2026-07-10T04:20:39.291954
MRN100022,Leah,Lara,1949-07-06,F,Black or African American,Not Hispanic or Latino,324 Charles Expressway,Brookeshire,PW,38329,640-87-7932,217.846.4887x719,cassandra01@example.org,CERNER_EHR_02,N,,2026-07-10T04:20:39.292299
MRN100023,Vernon,Huff,1985-09-27,M,American Indian or Alaska Native,Declined to Answer,490 Thomas Run,Moonburgh,OR,57633,765-57-8177,+1-671-875-6551x2567,gibsonleonard@example.com,CERNER_EHR_02,N,,2026-07-10T04:20:39.292825
MRN100024,Audrey,Barton,2013-07-21,F,Black or African American,Hispanic or Latino,876 Jacob Lake,Garrettton,IL,35504,446-12-4770,+1-424-677-1093,tranchristopher@example.org,EPIC_EHR_01,N,,2026-07-10T04:20:39.293376
MRN100025,Joel,Wilson,2010-05-29,M,Other,Hispanic or Latino,484 Davenport Mountains Apt. 782,Leehaven,WA,18393,334-18-1514,946-458-4044,wryan@example.com,CERNER_EHR_02,N,,2026-07-10T04:20:39.293886
MRN100026,Juan,Daniels,1974-03-27,M,Asian,Declined to Answer,39636 Louis Mountains Suite 627,East Wayneshire,MA,13655,597-37-9834,818.370.2621x745,melissa86@example.com,EPIC_EHR_01,N,,2026-07-10T04:20:39.294269
MRN100027,Lori,Clay,1977-05-13,F,American Indian or Alaska Native,Not Hispanic or Latino,134 Julie Mews,Port Cynthiaville,NV,22306,294-22-2588,001-840-405-0455x623,gregorylynch@example.com,EPIC_EHR_01,N,,2026-07-10T04:20:39.294741
MRN100028,Lisa,Allen,2018-02-25,F,American Indian or Alaska Native,Declined to Answer,74740 Santana Springs,North Scott,MI,77515,155-96-2612,664-674-3671x3695,spencedominique@example.com,EPIC_EHR_01,N,,2026-07-10T04:20:39.295189
MRN100029,Aimee,Grimes,2005-03-28,F,White,Hispanic or Latino,743 Robinson Field,Ericaberg,SC,13236,296-34-9786,+1-504-470-9521x4562,alyssa42@example.com,EPIC_EHR_01,N,,2026-07-10T04:20:39.295607
MRN100030,Suzanne,Raymond,2023-05-23,F,American Indian or Alaska Native,Hispanic or Latino,517 Donald Fork Suite 851,Smithside,DE,60110,177-66-2604,(549)365-1370x985,tblankenship@example.net,EPIC_EHR_01,N,,2026-07-10T04:20:39.296025
MRN100031,Jason,Taylor,2021-05-12,M,Declined to Answer,Hispanic or Latino,1138 Paul Land Suite 926,Port Tracychester,KY,04789,270-62-8956,001-853-677-3515x850,tammyrush@example.com,EPIC_EHR_01,N,,2026-07-10T04:20:39.296581
MRN100032,Anna,Lewis,1991-11-30,F,Black or African American,Not Hispanic or Latino,53293 Maria Plaza,New Jason,VI,31040,102-59-5345,729-504-2284x21020,alfred40@example.org,CERNER_EHR_02,N,,2026-07-10T04:20:39.296961
MRN100033,Natalie,Fox,2002-02-08,F,Other,Declined to Answer,5891 Gordon Ridges Apt. 847,North Yolandafurt,NE,90429,669-94-8973,477-611-5921,oscar98@example.com,EPIC_EHR_01,N,,2026-07-10T04:20:39.297337
MRN100034,Jody,Jacobs,1940-01-16,F,White,Declined to Answer,836 Beasley Loop,Mariafurt,MT,96132,853-79-1998,356-354-5271,reynoldsjulie@example.com,CERNER_EHR_02,N,,2026-07-10T04:20:39.297864
MRN100035,Robert,Hawkins,1986-10-27,M,American Indian or Alaska Native,Declined to Answer,165 Parrish Stravenue Apt. 494,Dalehaven,IL,20781,643-30-1931,+1-273-615-8514x93689,whitejacqueline@example.com,CERNER_EHR_02,N,,2026-07-10T04:20:39.298313
MRN100036,Thomas,Bell,1947-12-08,M,White,Declined to Answer,612 Christopher Pines,South Robert,MA,21132,169-96-4853,(645)999-1022x901,ctucker@example.com,EPIC_EHR_01,N,,2026-07-10T04:20:39.298740
MRN100037,Donald,Fischer,1941-06-12,M,White,Declined to Answer,49784 Jeffrey Rapid Apt. 034,Port Derrick,KS,38439,183-63-9565,810-276-2268x38851,esmith@example.com,EPIC_EHR_01,N,,2026-07-10T04:20:39.299118
MRN100038,Laura,Berry,1998-08-19,F,Other,Not Hispanic or Latino,1605 Laurie River Suite 516,East Ryanfurt,NC,10809,344-43-7484,(745)435-2181x8835,curtisscott@example.org,EPIC_EHR_01,N,,2026-07-10T04:20:39.299681
MRN100039,Lindsey,Wolf,1993-06-13,F,Declined to Answer,Hispanic or Latino,779 Maldonado Port,Michellemouth,FL,58141,109-68-2638,377-644-9058,dhayes@example.com,EPIC_EHR_01,N,,2026-07-10T04:20:39.300088
MRN100040,Ronald,Jones,2013-06-28,M,Black or African American,Not Hispanic or Latino,986 Carpenter Turnpike,South Reginashire,SD,25173,170-41-7054,997-982-0715x18203,michaelhardin@example.com,EPIC_EHR_01,N,,2026-07-10T04:20:39.300569
MRN100041,Jennifer,Morgan,1987-12-02,F,Other,Not Hispanic or Latino,51864 Cummings Shoals Apt. 519,West Kyle,SD,92052,726-93-9666,+1-762-291-4865x28168,kyle35@example.com,EPIC_EHR_01,N,,2026-07-10T04:20:39.300973
MRN100042,Cheryl,Cooke,1945-05-24,F,White,Hispanic or Latino,88805 Carla Drives Apt. 292,Williamsstad,TX,94818,370-24-2753,979.547.3834,erika97@example.com,CERNER_EHR_02,N,,2026-07-10T04:20:39.301349
MRN100043,Randy,Strickland,1978-10-19,M,Native Hawaiian or Other Pacific Islander,Hispanic or Latino,39240 Sawyer Plaza Apt. 814,Port Ethanmouth,MH,67787,834-53-4335,(861)737-5060,paulmiller@example.org,EPIC_EHR_01,N,,2026-07-10T04:20:39.301889
MRN100044,Alyssa,Galvan,2011-01-30,F,Asian,Hispanic or Latino,20472 West Avenue Apt. 043,New Shelby,PA,69677,194-91-7939,(214)534-1036x97117,kellysmith@example.com,CERNER_EHR_02,N,,2026-07-10T04:20:39.302338
MRN100045,David,Butler,1994-04-20,M,Declined to Answer,Hispanic or Latino,518 Peter Mountains,Lake Paulstad,KS,98453,752-43-3647,2517531952,lisa27@example.net,CERNER_EHR_02,Y,2009-09-19,2026-07-10T04:20:39.302797
MRN100046,Catherine,Taylor,1999-04-06,F,White,Hispanic or Latino,43030 Mahoney Passage Suite 874,Port Deborahport,MI,06766,807-29-9938,+1-754-615-6676x5277,acostachristian@example.net,EPIC_EHR_01,N,,2026-07-10T04:20:39.303290
MRN100047,Whitney,White,1958-09-21,F,Black or African American,Not Hispanic or Latino,54479 Jackson Mills,Sergiostad,RI,57509,230-15-6050,401-365-8202x970,kimberlydiaz@example.com,EPIC_EHR_01,N,,2026-07-10T04:20:39.303809
MRN100048,Travis,Johnson,1945-04-02,M,Black or African American,Declined to Answer,5719 Alyssa Locks Suite 431,Lake Jacobhaven,MS,74120,355-95-2684,344-473-9473,hayesrachel@example.com,EPIC_EHR_01,N,,2026-07-10T04:20:39.304233
MRN100049,Yolanda,Cochran,2023-05-29,F,Other,Hispanic or Latino,518 Vance Vista Apt. 258,North Tracie,WY,18703,342-30-3900,470.358.9578,parkeryvonne@example.net,CERNER_EHR_02,N,,2026-07-10T04:20:39.304762
MRN100050,John,Jenkins,1969-10-29,M,Asian,Not Hispanic or Latino,51778 Anderson Village,Port Tammy,NE,66412,785-41-5371,7186242253,kingcynthia@example.net,EPIC_EHR_01,N,,2026-07-10T04:20:39.305206
MRN100051,Donald,Weber,1989-07-04,M,White,Not Hispanic or Latino,299 George Road,Meganshire,AZ,04219,327-35-8541,909-643-9690,timothy64@example.com,EPIC_EHR_01,N,,2026-07-10T04:20:39.305689
MRN100052,Benjamin,Brown,1972-09-21,M,Other,Hispanic or Latino,3592 Hensley Island Suite 625,West Johnville,KY,59430,508-52-5564,421.704.6963,james27@example.net,CERNER_EHR_02,N,,2026-07-10T04:20:39.306079
MRN100053,Julie,Koch,1978-04-08,F,Native Hawaiian or Other Pacific Islander,Not Hispanic or Latino,8733 Williams Haven,Harperfort,LA,70846,795-78-6425,8162245650,michaelroberts@example.com,CERNER_EHR_02,N,,2026-07-10T04:20:39.306616
MRN100054,Jonathan,Duran,1957-05-17,M,Asian,Hispanic or Latino,16558 Fischer Flat,Porterton,AZ,18462,694-43-1626,001-457-887-2982x595,brittney88@example.net,EPIC_EHR_01,N,,2026-07-10T04:20:39.307027
MRN100055,Katherine,Hart,1976-02-10,F,Declined to Answer,Not Hispanic or Latino,5169 Robles Stream,New Thomasshire,OK,30325,546-87-9379,001-509-272-8962x3091,jedwards@example.com,EPIC_EHR_01,N,,2026-07-10T04:20:39.307458
MRN100056,Michael,Jenkins,2004-12-01,M,Other,Not Hispanic or Latino,028 Ann Shore Suite 865,South Rhonda,MA,72102,101-76-9821,(549)973-3484x344,timothy84@example.com,EPIC_EHR_01,N,,2026-07-10T04:20:39.307827
MRN100057,Bryan,Rhodes,1966-12-21,M,White,Declined to Answer,2404 Michael Mills Suite 733,Sarahview,DC,14817,438-89-6143,+1-993-330-8330x165,adampierce@example.org,EPIC_EHR_01,N,,2026-07-10T04:20:39.308257
MRN100058,Jason,Donovan,2014-11-06,M,Asian,Declined to Answer,345 Brewer Trafficway Apt. 938,East Robertburgh,PW,05264,416-95-7691,(972)440-0499x1547,znelson@example.org,EPIC_EHR_01,N,,2026-07-10T04:20:39.308708
MRN100059,Erin,Simon,1992-10-03,F,Black or African American,Not Hispanic or Latino,54932 Wilcox Passage,Christopherville,HI,18931,780-58-3851,253.604.6374x5499,heather01@example.com,EPIC_EHR_01,N,,2026-07-10T04:20:39.309086
MRN100060,Elizabeth,Sullivan,1978-10-06,F,Declined to Answer,Hispanic or Latino,145 Jeffrey Dale Suite 279,Robertside,PW,62213,411-46-4443,001-583-439-1878x51910,markmeyer@example.org,EPIC_EHR_01,N,,2026-07-10T04:20:39.309579
MRN100061,Melanie,Love,1977-06-13,F,American Indian or Alaska Native,Declined to Answer,72867 Angelica Spring Suite 064,Lake Jefferyland,AZ,56035,318-75-8752,(718)801-7046x226,ykane@example.com,CERNER_EHR_02,N,,2026-07-10T04:20:39.310019
MRN100062,Bobby,Brandt,2014-06-24,M,Asian,Declined to Answer,512 Rice Stream,Port Adam,AK,39608,779-91-6491,386.286.3375x243,bmendez@example.org,EPIC_EHR_01,N,,2026-07-10T04:20:39.310439
MRN100063,Daniel,Garcia,1933-09-29,M,Black or African American,Hispanic or Latino,06738 Karen Trail,East Williamport,IN,96382,250-13-1757,001-559-895-3428,joshua89@example.net,EPIC_EHR_01,N,,2026-07-10T04:20:39.310805
MRN100064,Susan,Garrett,1971-07-14,F,Declined to Answer,Hispanic or Latino,56856 Hernandez Lane Apt. 873,West Meredith,FL,61190,566-63-4185,6865688263,deborah75@example.org,CERNER_EHR_02,N,,2026-07-10T04:20:39.311178
MRN100065,Kimberly,Calderon,1935-06-21,F,Black or African American,Hispanic or Latino,990 Jacob Trace Apt. 735,Susantown,IL,25407,771-98-1090,001-717-639-3638x5467,michael77@example.org,CERNER_EHR_02,N,,2026-07-10T04:20:39.311731
MRN100066,Robert,Bowen,2003-08-21,M,Black or African American,Hispanic or Latino,55609 Joyce Brook Suite 899,Phillipsborough,MA,30650,812-76-8611,(493)978-5477x7252,sabrinaweaver@example.net,EPIC_EHR_01,N,,2026-07-10T04:20:39.312211
MRN100067,Tyler,Warren,2011-01-27,M,White,Not Hispanic or Latino,006 Megan Fort,Lake Edwardborough,NY,60271,236-69-9702,(209)697-7008x860,andre62@example.org,CERNER_EHR_02,N,,2026-07-10T04:20:39.312606
MRN100068,Tamara,Warren,1953-08-27,F,American Indian or Alaska Native,Declined to Answer,4615 Stevens Gardens Apt. 410,South Nicholasside,NJ,07856,836-74-7991,+1-902-617-6591x8033,glassgabrielle@example.com,CERNER_EHR_02,N,,2026-07-10T04:20:39.313106
MRN100069,Stephanie,Elliott,1933-09-05,F,Other,Not Hispanic or Latino,39261 Martin Garden Suite 856,Port Vanessa,VA,10780,560-43-5050,650.916.3159x99650,jperez@example.com,CERNER_EHR_02,N,,2026-07-10T04:20:39.313669
MRN100070,Jessica,Frazier,1993-12-11,F,Native Hawaiian or Other Pacific Islander,Not Hispanic or Latino,431 Joseph Light,Lake Peter,MN,14466,741-40-5499,404-875-4121,ghawkins@example.com,EPIC_EHR_01,N,,2026-07-10T04:20:39.314082
MRN100071,Ashley,Davis,1983-09-23,F,Asian,Not Hispanic or Latino,0466 Jenny Points Apt. 982,Jacksonview,ME,35681,653-20-3267,921.526.4647x1543,trodriguez@example.org,EPIC_EHR_01,N,,2026-07-10T04:20:39.314540
MRN100072,Tiffany,Cook,1990-01-22,F,Other,Hispanic or Latino,5692 Flores Square Apt. 752,Novakport,WA,91590,165-63-7678,+1-479-235-6465x1939,nhahn@example.com,EPIC_EHR_01,N,,2026-07-10T04:20:39.314982
MRN100073,Rebecca,Guerra,1937-02-27,F,Black or African American,Not Hispanic or Latino,724 Johnny Drives Suite 617,Aguilarside,NY,91164,498-84-1320,(880)758-9113x52909,grodriguez@example.com,CERNER_EHR_02,N,,2026-07-10T04:20:39.315379
MRN100074,Courtney,Burgess,1984-02-02,F,Asian,Not Hispanic or Latino,5679 Michael Burg,Garciachester,PW,11754,871-59-7865,725-945-7387,kimheather@example.com,EPIC_EHR_01,N,,2026-07-10T04:20:39.315876
MRN100075,Austin,Williams,1998-10-03,M,Asian,Not Hispanic or Latino,1238 Andrea Isle,Mullenbury,AS,53591,597-13-7371,+1-522-566-0937x9660,karen19@example.org,EPIC_EHR_01,N,,2026-07-10T04:20:39.316245
MRN100076,Rebecca,Herrera,1965-08-21,F,Declined to Answer,Not Hispanic or Latino,1478 Harper Ridge,Matthewsstad,MI,60513,230-89-9751,+1-424-799-1251x341,williambarnes@example.org,EPIC_EHR_01,N,,2026-07-10T04:20:39.316812
MRN100077,Laura,Henderson,1977-03-29,F,Other,Hispanic or Latino,274 Jacob Ville,Harveystad,AL,64019,185-92-8022,(936)988-7676,christopherjohnson@example.org,EPIC_EHR_01,N,,2026-07-10T04:20:39.317257
MRN100078,Dorothy,Hill,1982-02-17,F,Asian,Not Hispanic or Latino,9788 Ashley Grove,Amberton,WV,94739,435-37-8449,983.361.3407x451,jasonrojas@example.net,EPIC_EHR_01,N,,2026-07-10T04:20:39.317821
MRN100079,Heather,Page,1991-04-08,F,Declined to Answer,Not Hispanic or Latino,233 Ashley Place,Candiceburgh,MD,92782,358-20-8705,449-748-1260x4223,kathleenlowe@example.com,EPIC_EHR_01,N,,2026-07-10T04:20:39.318263
MRN100080,Charles,Chen,1990-10-16,M,Asian,Hispanic or Latino,1168 Neal Wells Suite 775,Port Kimland,VA,60590,765-18-1659,+1-451-986-3637x4545,patricia00@example.org,CERNER_EHR_02,N,,2026-07-10T04:20:39.318694
MRN100081,Mark,Copeland,1932-01-31,M,White,Declined to Answer,7063 Nicole Hollow,Port Sarah,KY,12735,256-40-3068,+1-254-515-2064x3611,lmiller@example.org,EPIC_EHR_01,N,,2026-07-10T04:20:39.319064
MRN100082,Joseph,Wallace,1931-04-18,M,Black or African American,Not Hispanic or Latino,62713 Davis Valley Apt. 155,Derrickberg,SD,89254,816-42-7043,(518)490-9275,cjensen@example.org,EPIC_EHR_01,N,,2026-07-10T04:20:39.319487
MRN100083,Brandon,Garcia,2002-10-03,M,Black or African American,Not Hispanic or Latino,6523 Newman Gateway Suite 043,Lake Peter,SD,07653,210-84-1420,276.713.7918,david96@example.com,CERNER_EHR_02,N,,2026-07-10T04:20:39.319924
MRN100084,Kimberly,Thompson,1975-09-27,F,Other,Hispanic or Latino,91043 Sandra Turnpike,Hunterhaven,WI,54952,177-85-4978,(761)888-9241x41832,collinssamuel@example.org,EPIC_EHR_01,N,,2026-07-10T04:20:39.320371
MRN100085,Amy,Miller,1972-03-25,F,Native Hawaiian or Other Pacific Islander,Hispanic or Latino,904 David Station Apt. 027,Alexandraview,GA,49242,679-15-6688,(641)305-6481,xgibson@example.org,EPIC_EHR_01,N,,2026-07-10T04:20:39.320811
MRN100086,Kathryn,Bradley,1965-10-26,F,Other,Not Hispanic or Latino,91380 Michele Bridge Apt. 075,Moraburgh,PR,05136,112-63-9031,+1-763-353-6541,whitelinda@example.org,EPIC_EHR_01,N,,2026-07-10T04:20:39.321253
MRN100087,Tiffany,Jones,1975-03-04,F,Declined to Answer,Not Hispanic or Latino,5187 Miguel Highway Suite 937,Brittanyfort,WI,26115,824-29-8135,001-883-620-6038x5050,harristonya@example.com,EPIC_EHR_01,N,,2026-07-10T04:20:39.321767
MRN100088,Katherine,Brown,2026-03-25,F,Native Hawaiian or Other Pacific Islander,Not Hispanic or Latino,03865 Villegas Corner Apt. 826,New Ashleychester,TN,17633,576-65-5397,544.356.5574,derekcarrillo@example.org,EPIC_EHR_01,N,,2026-07-10T04:20:39.322219
MRN100089,Christopher,Martin,1975-04-06,M,White,Not Hispanic or Latino,85374 Baker Crest Apt. 249,East Marymouth,FL,12456,561-41-8613,001-535-368-0442x067,ygarcia@example.org,EPIC_EHR_01,N,,2026-07-10T04:20:39.322668
MRN100090,Barbara,Brown,2005-06-29,F,American Indian or Alaska Native,Not Hispanic or Latino,36519 Lowery Club,North Jamesmouth,AS,17381,286-72-4475,851-907-0296,reyesronald@example.com,EPIC_EHR_01,N,,2026-07-10T04:20:39.323146
MRN100091,Cindy,Lopez,1957-05-21,F,Native Hawaiian or Other Pacific Islander,Declined to Answer,99934 Jenkins Plaza,Brownview,MS,18488,382-81-1166,(738)838-0657x87598,hector59@example.org,EPIC_EHR_01,N,,2026-07-10T04:20:39.323660
MRN100092,Allen,Cochran,1957-06-28,M,Other,Not Hispanic or Latino,593 Craig Shoals Apt. 480,New Meghan,AS,51412,600-81-4937,(422)539-5590x599,lweaver@example.com,EPIC_EHR_01,N,,2026-07-10T04:20:39.324134
MRN100093,Amanda,Brown,1988-04-12,F,White,Hispanic or Latino,705 Lindsay Junctions,Port Megan,MD,08307,401-38-7625,8293218515,kevin22@example.net,EPIC_EHR_01,N,,2026-07-10T04:20:39.324530
MRN100094,Tiffany,Conner,2022-09-29,F,Asian,Not Hispanic or Latino,89539 Nicholas Street Suite 220,Rosalesshire,AZ,24366,666-77-6632,+1-759-439-1725x135,underwoodelizabeth@example.net,EPIC_EHR_01,N,,2026-07-10T04:20:39.324996
MRN100095,Stacie,Griffin,1955-12-25,F,American Indian or Alaska Native,Not Hispanic or Latino,154 Jennifer Causeway,Kimchester,GA,54767,413-42-4777,665.286.1793x2710,jose11@example.com,EPIC_EHR_01,N,,2026-07-10T04:20:39.325360
MRN100096,Christopher,Bennett,2000-10-16,M,Other,Declined to Answer,9970 Dunlap Expressway,Mooreville,MA,27442,880-98-4033,268.884.4431,xhernandez@example.org,EPIC_EHR_01,N,,2026-07-10T04:20:39.325852
MRN100097,Jessica,Phillips,1994-01-28,F,Native Hawaiian or Other Pacific Islander,Declined to Answer,10324 Thomas Crescent Suite 677,Christopherside,MS,24733,711-46-2647,(265)427-0477x434,millermaurice@example.net,CERNER_EHR_02,N,,2026-07-10T04:20:39.326275
MRN100098,Jennifer,Avila,1952-05-12,F,Black or African American,Not Hispanic or Latino,8687 Thomas Common,Orrton,NY,75371,114-78-3073,899.521.7223x32061,maryscott@example.net,EPIC_EHR_01,N,,2026-07-10T04:20:39.326812
MRN100099,Thomas,Jones,1967-10-12,M,Other,Hispanic or Latino,548 Stark Bridge Suite 162,New Brianna,WV,13634,753-72-2680,991-948-5646,jacksonrichard@example.net,CERNER_EHR_02,N,,2026-07-10T04:20:39.327271
MRN100100,Lisa,Steele,1934-03-30,F,American Indian or Alaska Native,Not Hispanic or Latino,307 Prince Brooks Suite 444,Garrisonville,VI,30379,288-16-5136,(947)554-6913,wfigueroa@example.net,CERNER_EHR_02,N,,2026-07-10T04:20:39.327737
MRN100101,Sharon,Nicholson,1979-12-27,F,White,Not Hispanic or Latino,48628 Glenn Wells,Port Brian,AZ,60328,603-19-1878,2535457861,tracy72@example.com,EPIC_EHR_01,N,,2026-07-10T04:20:39.328092
MRN100102,Laurie,Bailey,1946-03-21,F,Black or African American,Hispanic or Latino,140 Williams Walk Apt. 333,Denisehaven,AK,89918,671-63-4697,6726290349,wwoodard@example.com,CERNER_EHR_02,N,,2026-07-10T04:20:39.328528
MRN100103,Darlene,Owens,1995-07-14,F,American Indian or Alaska Native,Not Hispanic or Latino,108 Hoffman Ranch Suite 417,West Vanessamouth,VI,36792,702-64-6003,943-628-3096x520,rebecca66@example.net,EPIC_EHR_01,N,,2026-07-10T04:20:39.328918
MRN100104,Andrew,Erickson,1985-06-09,M,Other,Hispanic or Latino,3875 Bruce Ville,West Connor,DC,97614,881-36-4457,682-651-3534x655,eyork@example.org,EPIC_EHR_01,N,,2026-07-10T04:20:39.329299
MRN100105,Sean,Silva,2021-03-04,M,Black or African American,Declined to Answer,3816 Gutierrez Ways,East Victoria,MA,54134,176-30-1043,001-772-252-1752,hayesjason@example.org,EPIC_EHR_01,N,,2026-07-10T04:20:39.329884
MRN100106,Laura,Moore,2005-11-25,F,Black or African American,Not Hispanic or Latino,96666 Reyes Camp,Lake Nathan,AL,42734,823-46-8438,001-683-400-3354x21689,colonkenneth@example.com,EPIC_EHR_01,N,,2026-07-10T04:20:39.330458
MRN100107,Jesus,Meyer,1980-11-01,M,Declined to Answer,Declined to Answer,257 Christensen Expressway Suite 033,East Jessica,OR,66644,703-94-4241,(215)306-4890,williamsdarrell@example.com,EPIC_EHR_01,N,,2026-07-10T04:20:39.330919
MRN100108,James,Kelley,1976-01-24,M,Asian,Hispanic or Latino,04618 Dean Squares,South Maria,CT,67555,173-17-3718,001-791-841-1739x3483,ethan87@example.org,CERNER_EHR_02,N,,2026-07-10T04:20:39.331283
MRN100109,Melissa,Castillo,1953-01-12,F,American Indian or Alaska Native,Declined to Answer,119 Hernandez Course,Lake Jenniferview,SD,30799,411-99-7594,344.370.1204x556,smithdevon@example.net,CERNER_EHR_02,N,,2026-07-10T04:20:39.331777
MRN100110,Carolyn,Howard,1972-07-17,F,Native Hawaiian or Other Pacific Islander,Hispanic or Latino,155 Daniel Locks Suite 467,Banksburgh,DE,17869,542-51-5102,001-702-216-9797x296,timothyfreeman@example.com,EPIC_EHR_01,N,,2026-07-10T04:20:39.332222
MRN100111,Jeremiah,Brown,1993-05-25,M,Declined to Answer,Declined to Answer,899 Tiffany Skyway,Aprilville,NE,87233,701-12-5415,001-937-456-2890x0287,waltonmalik@example.com,EPIC_EHR_01,N,,2026-07-10T04:20:39.332679
MRN100112,Wayne,Williams,1951-11-25,M,Other,Not Hispanic or Latino,3177 Miller Parks Suite 517,North Richardton,OH,72472,384-33-8141,7197948837,velasquezmegan@example.com,EPIC_EHR_01,N,,2026-07-10T04:20:39.333157
MRN100113,Kristin,Harvey,1975-12-10,F,American Indian or Alaska Native,Not Hispanic or Latino,711 Aaron Knoll Suite 885,North Pennyfort,DC,94460,518-52-6260,001-361-849-3316x3735,housemary@example.net,EPIC_EHR_01,N,,2026-07-10T04:20:39.333725
MRN100114,Bryce,Snow,1974-06-06,M,Other,Not Hispanic or Latino,0808 Roberson Orchard,Lake Beth,VA,17328,395-94-7561,569-695-8669,sstuart@example.com,CERNER_EHR_02,N,,2026-07-10T04:20:39.334150
MRN100115,Robert,Taylor,1988-05-12,M,Asian,Not Hispanic or Latino,858 James Road Suite 522,Jenniferstad,OH,63464,431-24-7622,001-296-884-6081,brianbrown@example.com,CERNER_EHR_02,N,,2026-07-10T04:20:39.334624
MRN100116,Paul,Martin,1958-01-13,M,Native Hawaiian or Other Pacific Islander,Not Hispanic or Latino,04380 Cervantes Cove Apt. 863,Heatherton,MS,51298,523-16-4073,(558)500-4397x35989,shane12@example.org,EPIC_EHR_01,N,,2026-07-10T04:20:39.335013
MRN100117,Nancy,Wilson,1934-06-03,F,Declined to Answer,Hispanic or Latino,422 Smith Mountain Apt. 025,Port Sarahport,NM,75562,308-44-9998,+1-451-858-3281,odavis@example.org,EPIC_EHR_01,N,,2026-07-10T04:20:39.335450
MRN100118,Mary,Rivera,1958-09-14,F,Other,Not Hispanic or Latino,015 Allen Row Apt. 056,South Jonathanport,AK,68247,224-13-4920,001-258-387-7043x58112,ellenayala@example.net,CERNER_EHR_02,N,,2026-07-10T04:20:39.335916
MRN100119,Jessica,Garcia,1982-02-22,F,Native Hawaiian or Other Pacific Islander,Not Hispanic or Latino,120 Love Camp Apt. 102,Angelashire,GU,30338,195-38-2858,366-276-6506x180,howardwesley@example.com,EPIC_EHR_01,N,,2026-07-10T04:20:39.336471
MRN100120,Richard,Turner,1938-10-29,M,Black or African American,Not Hispanic or Latino,6072 Derek Lock Suite 245,New Nancyberg,DE,05976,833-47-9337,7995688143,gwhitehead@example.org,CERNER_EHR_02,N,,2026-07-10T04:20:39.336908
MRN100121,Candace,Walker,2010-08-28,F,American Indian or Alaska Native,Hispanic or Latino,29087 Kelly Cliff,Coreyshire,NM,43866,567-80-3369,(623)414-9135x775,lindsey62@example.org,EPIC_EHR_01,N,,2026-07-10T04:20:39.337265
MRN100122,Erik,Floyd,1998-11-22,M,Asian,Not Hispanic or Latino,5257 Griffin Trail Suite 781,Lake Catherine,MP,37281,448-74-5377,(883)541-1080,arnoldamy@example.net,CERNER_EHR_02,N,,2026-07-10T04:20:39.337793
MRN100123,Kaitlyn,Rowe,1965-08-22,F,Declined to Answer,Declined to Answer,427 Randy Parkway,Lake Johnburgh,WV,67889,693-94-9022,(272)529-9275,qhall@example.com,CERNER_EHR_02,N,,2026-07-10T04:20:39.338167
MRN100124,Cynthia,Barnett,1980-03-28,F,Asian,Not Hispanic or Latino,7700 Garcia Pike Suite 498,South Desiree,MN,77529,665-79-7180,+1-218-446-3865x5779,emartin@example.net,EPIC_EHR_01,N,,2026-07-10T04:20:39.338605
MRN100125,Maria,Lewis,1948-06-18,F,Other,Hispanic or Latino,136 Cortez Orchard Suite 739,Lake Martha,AK,32439,685-59-4826,4292922809,jonathanwhite@example.com,CERNER_EHR_02,N,,2026-07-10T04:20:39.339056
MRN100126,Linda,Elliott,1932-04-22,F,Other,Not Hispanic or Latino,37977 Jeffrey Loop Apt. 929,Garymouth,NH,78689,822-58-7325,001-813-466-2103,thompsonrachel@example.net,CERNER_EHR_02,N,,2026-07-10T04:20:39.339546
MRN100127,Andrew,Bowers,1978-11-03,M,White,Hispanic or Latino,72980 Boyd Land,Lake Alyssabury,AS,63693,614-85-6439,001-865-699-1624x73149,adammanning@example.org,CERNER_EHR_02,N,,2026-07-10T04:20:39.340042
MRN100128,Laura,Wilson,1931-03-19,F,American Indian or Alaska Native,Hispanic or Latino,565 Eric Run,Joseside,NE,74513,839-28-7717,(994)663-6887x258,becky62@example.net,CERNER_EHR_02,N,,2026-07-10T04:20:39.340433
MRN100129,Bryan,Hall,2005-09-12,M,Declined to Answer,Not Hispanic or Latino,38658 Eugene Roads,Port Christopherberg,NJ,79176,446-89-7512,(211)443-5190x66984,mgonzales@example.net,EPIC_EHR_01,N,,2026-07-10T04:20:39.340828
MRN100130,Tara,Holmes,1949-03-20,F,Declined to Answer,Declined to Answer,205 Diana Estate,West Kimberlystad,TN,52293,489-50-8994,(693)580-1184x8955,shawnpowell@example.org,CERNER_EHR_02,N,,2026-07-10T04:20:39.341243
MRN100131,Dean,Russell,1940-09-28,M,Black or African American,Declined to Answer,451 Walter Via,Heatherfurt,OK,63891,800-46-4727,001-735-877-9071x41633,zachary04@example.org,CERNER_EHR_02,N,,2026-07-10T04:20:39.341741
MRN100132,Donna,Ross,2002-05-28,F,Declined to Answer,Declined to Answer,82755 Patricia Grove Apt. 373,Lake John,KS,27603,820-22-8269,933.295.2111,charlesnathan@example.com,EPIC_EHR_01,N,,2026-07-10T04:20:39.342276
MRN100133,Katherine,Galloway,2016-08-19,F,White,Not Hispanic or Latino,2846 Karen Crossroad Apt. 867,New Michaelburgh,NH,16277,157-47-6873,001-687-450-0369x155,joel79@example.com,EPIC_EHR_01,N,,2026-07-10T04:20:39.342718
MRN100134,Jacob,Jimenez,1950-09-25,M,American Indian or Alaska Native,Declined to Answer,6472 Tiffany Spur Apt. 143,Chaseborough,FL,97303,798-33-3785,(770)926-7288,john90@example.com,EPIC_EHR_01,N,,2026-07-10T04:20:39.343135
MRN100135,Annette,Martin,1951-03-17,F,Black or African American,Not Hispanic or Latino,1754 Ward Point Suite 506,West Michelleborough,OK,75984,697-28-4804,+1-982-445-5877x1694,daniellemcfarland@example.com,EPIC_EHR_01,N,,2026-07-10T04:20:39.343696
MRN100136,Lynn,Duncan,2012-01-06,F,Other,Hispanic or Latino,25355 Page Rapids,Nelsonmouth,WI,48101,576-46-9955,001-498-876-2202x3413,davissharon@example.com,EPIC_EHR_01,N,,2026-07-10T04:20:39.344214
MRN100137,Kimberly,Johnson,1968-08-19,F,Native Hawaiian or Other Pacific Islander,Not Hispanic or Latino,49216 Perez Street,Scottberg,DC,69542,754-64-5097,(900)455-7784,brittanybryant@example.net,EPIC_EHR_01,N,,2026-07-10T04:20:39.344704
MRN100138,Madison,Elliott,1980-10-09,F,American Indian or Alaska Native,Not Hispanic or Latino,7831 Parker Loop Suite 240,New Lisaberg,MI,38087,209-40-7248,780.577.4064x9308,bkhan@example.com,EPIC_EHR_01,N,,2026-07-10T04:20:39.345118
MRN100139,Danielle,Espinoza,1992-07-15,F,Asian,Hispanic or Latino,41638 Mitchell Summit Suite 631,East Keith,SC,60183,774-60-5497,+1-474-397-3502x080,joseph70@example.org,EPIC_EHR_01,N,,2026-07-10T04:20:39.345575
MRN100140,Brandon,Smith,1951-05-16,M,Other,Not Hispanic or Latino,7570 Miller Terrace Apt. 046,New Theodoreborough,MH,33279,393-39-6772,(901)836-7303x7183,sharon20@example.net,EPIC_EHR_01,N,,2026-07-10T04:20:39.345969
MRN100141,Timothy,Meyer,1954-11-03,M,Other,Declined to Answer,50313 Nguyen Expressway Suite 916,North Tanya,OR,91039,885-94-3240,792.451.3271x9500,martinezjesse@example.net,EPIC_EHR_01,N,,2026-07-10T04:20:39.346445
MRN100142,Richard,Sherman,2007-11-07,M,American Indian or Alaska Native,Hispanic or Latino,306 Ramsey Glen Apt. 778,Amyfort,ID,74779,693-56-3153,(385)457-4982,qphillips@example.net,EPIC_EHR_01,N,,2026-07-10T04:20:39.346902
MRN100143,Holly,Smith,1991-10-09,F,American Indian or Alaska Native,Hispanic or Latino,209 Parsons Garden Suite 186,New Felicia,WI,72782,305-26-9837,(394)256-5118,gregoryjohnson@example.org,CERNER_EHR_02,N,,2026-07-10T04:20:39.347359
MRN100144,Karina,Garcia,1985-05-03,F,Asian,Hispanic or Latino,789 Williams Forges Apt. 037,South Laurieton,MN,73641,363-71-5835,001-365-309-4801x4138,amandalopez@example.net,CERNER_EHR_02,N,,2026-07-10T04:20:39.347870
MRN100145,Mary,Hudson,2021-06-25,F,American Indian or Alaska Native,Hispanic or Latino,195 Park Meadow Apt. 228,Wagnerburgh,ND,79133,244-38-7511,555.885.5665x939,michael77@example.com,CERNER_EHR_02,N,,2026-07-10T04:20:39.348344
MRN100146,April,Johnson,1957-10-31,F,American Indian or Alaska Native,Hispanic or Latino,240 Joyce Forest,Andrewview,PW,73070,370-78-3024,589.592.1075x22459,lisa19@example.com,EPIC_EHR_01,N,,2026-07-10T04:20:39.348779
MRN100147,Laura,Robinson,1937-12-06,F,Declined to Answer,Declined to Answer,2791 Johnson Valley Suite 105,Nicholechester,MT,16300,480-23-4830,001-539-406-0480x58925,nunezwendy@example.com,EPIC_EHR_01,N,,2026-07-10T04:20:39.349226
MRN100148,Nicole,Johnston,1939-03-03,F,Black or African American,Declined to Answer,6225 Thomas Summit Apt. 864,South Warrenberg,WV,18178,164-91-8606,683.876.9389x8331,gail91@example.org,CERNER_EHR_02,N,,2026-07-10T04:20:39.349686
MRN100149,Megan,Henderson,1963-12-17,F,White,Hispanic or Latino,9042 Jensen Unions Suite 927,Port Jesusstad,FL,99818,146-14-5986,001-911-203-9240x5147,jason83@example.org,CERNER_EHR_02,N,,2026-07-10T04:20:39.350105
MRN100150,Joshua,Christensen,1983-03-17,M,Native Hawaiian or Other Pacific Islander,Hispanic or Latino,069 Jonathan Circle,Jamesview,AR,61444,497-68-7078,+1-301-764-5104x6368,idelacruz@example.org,EPIC_EHR_01,N,,2026-07-10T04:20:39.350526
MRN100151,Charlotte,Mason,1974-06-27,F,Other,Hispanic or Latino,38457 Garner Brook,Gabriellestad,SC,40127,524-93-2622,584.404.6084,penny21@example.net,CERNER_EHR_02,N,,2026-07-10T04:20:39.350910
MRN100152,Janet,Yu,1989-04-25,F,Asian,Hispanic or Latino,3926 Browning Isle,Danielsborough,SD,18664,806-57-4559,001-483-724-8262,grantstacy@example.org,EPIC_EHR_01,N,,2026-07-10T04:20:39.351374
MRN100153,Clinton,Franco,1944-06-28,M,White,Declined to Answer,6647 Hernandez Field,East Jackview,PA,74824,476-79-6876,+1-939-733-0517x289,melissahenry@example.org,EPIC_EHR_01,N,,2026-07-10T04:20:39.351873
MRN100154,Carla,Perez,1969-09-29,F,White,Not Hispanic or Latino,6333 Gregory Mill,Wattsmouth,FM,32847,193-94-4475,(360)996-5699x98808,cwilcox@example.org,EPIC_EHR_01,N,,2026-07-10T04:20:39.352269
MRN100155,Joseph,Foster,2001-02-05,M,Asian,Hispanic or Latino,034 Sanders Hollow Suite 726,Christieton,UT,68261,228-82-4362,(477)818-1298,bmorris@example.org,EPIC_EHR_01,N,,2026-07-10T04:20:39.352743
MRN100156,Jesse,Mosley,2016-07-08,M,Declined to Answer,Hispanic or Latino,45211 Jasmin Roads Suite 186,South Andrea,AZ,22899,436-28-1046,492-522-2064x47421,deanjohnny@example.com,EPIC_EHR_01,N,,2026-07-10T04:20:39.353243
MRN100157,Jonathan,Jimenez,2008-01-14,M,Native Hawaiian or Other Pacific Islander,Not Hispanic or Latino,39776 Miller Rapid Apt. 384,North Jack,AR,86127,278-24-1422,(402)409-9451x016,cheryl99@example.net,EPIC_EHR_01,N,,2026-07-10T04:20:39.353757
MRN100158,Cassandra,Gibson,1986-02-06,F,Black or African American,Declined to Answer,45561 Bridges Circles,Thomasville,UT,36469,431-12-3854,686-883-3901x98179,jordan99@example.com,EPIC_EHR_01,N,,2026-07-10T04:20:39.354186
MRN100159,Timothy,Mendez,1978-03-05,M,Native Hawaiian or Other Pacific Islander,Hispanic or Latino,2934 Aaron Burg Suite 139,Gutierrezmouth,MI,73955,863-18-8802,+1-330-734-4144x8850,randy99@example.org,EPIC_EHR_01,N,,2026-07-10T04:20:39.354699
MRN100160,Sandra,Lee,2010-07-27,F,White,Not Hispanic or Latino,0272 Mcclain Plain Suite 760,Annettemouth,OH,70740,615-38-1710,7398551240,ashleyprice@example.net,CERNER_EHR_02,N,,2026-07-10T04:20:39.355158
MRN100161,Audrey,Patton,1960-02-12,F,White,Hispanic or Latino,046 Tyler Freeway Suite 743,Gregorystad,WY,05402,590-61-7984,001-731-478-0782x35784,shortsharon@example.net,EPIC_EHR_01,N,,2026-07-10T04:20:39.355647
MRN100162,Wendy,Harris,1934-01-11,F,American Indian or Alaska Native,Hispanic or Latino,810 Randolph Spur Apt. 570,New Katieport,AK,76202,182-51-3430,001-443-653-3448x57142,smithcindy@example.net,EPIC_EHR_01,N,,2026-07-10T04:20:39.356108
MRN100163,Ashley,Daniels,1983-04-05,F,Native Hawaiian or Other Pacific Islander,Declined to Answer,49321 Austin Junction Suite 020,Bergerton,CT,50780,829-51-7240,7166629979,lisa81@example.com,CERNER_EHR_02,N,,2026-07-10T04:20:39.356542
MRN100164,Laura,Davis,2007-07-19,F,Native Hawaiian or Other Pacific Islander,Not Hispanic or Latino,74773 Douglas Ridges Suite 562,Kristinamouth,NH,64399,201-99-2874,7174157724,sullivanjennifer@example.org,CERNER_EHR_02,N,,2026-07-10T04:20:39.357011
MRN100165,Gabriel,Banks,2006-08-05,M,Black or African American,Not Hispanic or Latino,9639 Amy Orchard Suite 153,Muellerchester,OK,45353,447-68-7532,+1-932-719-7199,shortgregory@example.com,EPIC_EHR_01,N,,2026-07-10T04:20:39.357547
MRN100166,Benjamin,Rodriguez,2008-09-02,M,Asian,Declined to Answer,7013 Paige Throughway Apt. 227,Petershire,NV,26147,361-57-3500,254.894.6519,melissabrown@example.net,EPIC_EHR_01,N,,2026-07-10T04:20:39.357990
MRN100167,Tracy,Smith,1984-04-13,F,Declined to Answer,Hispanic or Latino,40369 Garrett Station Suite 666,Lake Glenn,DC,25172,195-65-2582,+1-365-262-4220,jennifertucker@example.com,CERNER_EHR_02,N,,2026-07-10T04:20:39.358484
MRN100168,Vanessa,Taylor,1943-09-11,F,Native Hawaiian or Other Pacific Islander,Hispanic or Latino,9692 Hicks Plaza Suite 653,South Cassandra,OK,65795,700-81-6400,001-338-946-8950x0975,thomasjessica@example.com,EPIC_EHR_01,N,,2026-07-10T04:20:39.358952
MRN100169,Julie,Miller,2015-12-14,F,Other,Not Hispanic or Latino,71894 Rebecca Place,South Shawnfort,OK,96683,838-16-5712,465-244-2094x94079,lisa90@example.com,EPIC_EHR_01,N,,2026-07-10T04:20:39.359302
MRN100170,Kari,Martinez,1937-11-25,F,Native Hawaiian or Other Pacific Islander,Hispanic or Latino,2944 Smith Creek Apt. 927,Lindseyview,WY,92352,258-94-8900,472.980.5129,ptownsend@example.net,EPIC_EHR_01,N,,2026-07-10T04:20:39.359788
MRN100171,Jeremiah,Walsh,1950-10-06,M,Native Hawaiian or Other Pacific Islander,Not Hispanic or Latino,41027 Alvarez Mountains Apt. 667,Dustinchester,AL,38353,217-45-4705,665.680.1856x945,scottbreanna@example.com,CERNER_EHR_02,N,,2026-07-10T04:20:39.360272
MRN100172,Raymond,Curry,2001-01-05,M,Other,Declined to Answer,525 Emily Village,North Roberthaven,CT,90350,373-13-3955,553.344.3009x109,millercassandra@example.com,EPIC_EHR_01,N,,2026-07-10T04:20:39.360815
MRN100173,Mary,Yoder,1984-11-11,F,Asian,Hispanic or Latino,24471 Livingston Harbor,Schwartzmouth,KS,21730,285-28-7566,001-514-806-6504x42717,debbierodriguez@example.net,EPIC_EHR_01,N,,2026-07-10T04:20:39.361285
MRN100174,Randy,Robinson,1992-04-13,M,Native Hawaiian or Other Pacific Islander,Hispanic or Latino,410 Chad Stream Suite 707,Lake Danielle,AZ,87612,485-63-8432,(542)256-9087x7661,xfinley@example.com,EPIC_EHR_01,N,,2026-07-10T04:20:39.361758
MRN100175,Barbara,Nichols,2025-09-18,F,Asian,Declined to Answer,460 Michael Walk Suite 174,East Angela,MS,87104,710-20-1861,446.215.7173,anthonydavies@example.org,EPIC_EHR_01,N,,2026-07-10T04:20:39.362182
MRN100176,John,Brown,1982-05-31,M,Asian,Not Hispanic or Latino,8700 Brown Turnpike Apt. 613,Bentleyside,FL,97632,777-64-8957,001-231-502-7079,alexischen@example.com,EPIC_EHR_01,N,,2026-07-10T04:20:39.362692
MRN100177,Samantha,Davis,1989-03-14,F,Declined to Answer,Declined to Answer,17993 Linda Meadow,Lisafurt,MD,16334,216-54-8043,+1-898-425-3092x51142,angela73@example.net,EPIC_EHR_01,N,,2026-07-10T04:20:39.363049
MRN100178,Amanda,Garcia,2011-11-14,F,Asian,Hispanic or Latino,07100 Sara Squares Suite 672,East Danielle,NC,59538,325-60-1897,(532)590-9279x14560,downstiffany@example.net,EPIC_EHR_01,N,,2026-07-10T04:20:39.363572
MRN100179,Heidi,Juarez,1982-05-02,F,Declined to Answer,Hispanic or Latino,3403 Laura Spur,Jimenezburgh,TN,06152,882-42-5742,2543364597,buckleygregory@example.org,EPIC_EHR_01,N,,2026-07-10T04:20:39.364086
MRN100180,John,Wilson,2016-06-13,M,American Indian or Alaska Native,Hispanic or Latino,956 Julie Islands Apt. 153,East Joanborough,MS,29423,232-58-9725,979-470-6239,dbrooks@example.net,CERNER_EHR_02,N,,2026-07-10T04:20:39.364512
MRN100181,Cheyenne,Howard,1956-05-30,F,Declined to Answer,Declined to Answer,09042 Melissa Mount Suite 253,Cassandraburgh,OK,72951,143-65-1307,616.287.3977,pfitzgerald@example.org,EPIC_EHR_01,N,,2026-07-10T04:20:39.364915
MRN100182,Garrett,Riley,2016-02-19,M,Native Hawaiian or Other Pacific Islander,Not Hispanic or Latino,060 Vickie Street,South Amandafort,AS,91812,687-61-7843,477-731-8063,john10@example.com,EPIC_EHR_01,N,,2026-07-10T04:20:39.365260
MRN100183,Maureen,Martin,1974-08-12,F,Asian,Hispanic or Latino,7262 Sims Squares,Port Courtneyfurt,MH,91039,732-68-6928,780-246-4989x31950,reyessteven@example.org,EPIC_EHR_01,Y,1993-08-03,2026-07-10T04:20:39.365829
MRN100184,Christopher,Hansen,1936-12-14,M,Native Hawaiian or Other Pacific Islander,Not Hispanic or Latino,53817 Karen Trace,West Michael,KY,66504,636-20-7484,+1-664-901-5577x88178,lauren13@example.com,CERNER_EHR_02,N,,2026-07-10T04:20:39.366184
MRN100185,Anita,Myers,1947-09-08,F,Declined to Answer,Hispanic or Latino,24127 Nancy Pike,West Robertside,DC,62616,178-75-2868,(767)704-3103x856,swatkins@example.net,EPIC_EHR_01,N,,2026-07-10T04:20:39.366757
MRN100186,Ryan,Wallace,1959-09-18,M,Asian,Not Hispanic or Latino,2437 Arellano Trail,East Michaelmouth,GA,81586,844-92-3419,(284)722-2231,scottwood@example.org,EPIC_EHR_01,N,,2026-07-10T04:20:39.367303
MRN100187,Justin,Johnson,1960-12-12,M,Black or African American,Declined to Answer,57828 Martinez Burg Suite 727,Ericside,NY,43922,256-93-2234,+1-347-649-2975x1702,moralesmary@example.com,EPIC_EHR_01,N,,2026-07-10T04:20:39.367822
MRN100188,Heather,Nguyen,1988-11-26,F,Native Hawaiian or Other Pacific Islander,Declined to Answer,834 Andrew Plain,Rhodesland,NY,52198,559-97-6295,475.899.8056,paul04@example.com,CERNER_EHR_02,N,,2026-07-10T04:20:39.368192
MRN100189,Heather,Madden,2014-06-15,F,White,Not Hispanic or Latino,76742 Chandler Mall,Port Brenda,CO,19328,552-90-5961,247.885.1961,robert87@example.net,CERNER_EHR_02,N,,2026-07-10T04:20:39.368666
MRN100190,Keith,Melendez,1949-08-25,M,White,Not Hispanic or Latino,8704 Snyder Streets Suite 300,West Kevin,SC,83936,572-67-1616,714.962.7301x4719,ooneill@example.net,EPIC_EHR_01,N,,2026-07-10T04:20:39.369172
MRN100191,Karen,Benson,1942-01-01,F,Declined to Answer,Hispanic or Latino,2902 Murray Square,West Frank,KY,47839,729-86-9307,(750)744-8183x21928,joseph51@example.net,EPIC_EHR_01,N,,2026-07-10T04:20:39.369721
MRN100192,Kevin,Morrow,1931-10-05,M,Declined to Answer,Declined to Answer,7652 Jeffery Parkway Apt. 389,South Stevenland,DE,17701,767-34-6267,7754452798,anthony13@example.org,EPIC_EHR_01,N,,2026-07-10T04:20:39.370143
MRN100193,Scott,Thomas,1952-04-09,M,American Indian or Alaska Native,Hispanic or Latino,21611 Kim Throughway,Williamsville,AZ,86980,451-20-9266,590.471.4014x01193,anthony24@example.net,EPIC_EHR_01,N,,2026-07-10T04:20:39.370666
MRN100194,Gregory,Martin,1978-08-01,M,American Indian or Alaska Native,Not Hispanic or Latino,911 Allison Stravenue,West George,WV,70903,636-76-3600,3134875927,tina63@example.net,EPIC_EHR_01,N,,2026-07-10T04:20:39.371062
MRN100195,Crystal,Rodriguez,2025-01-16,F,Declined to Answer,Not Hispanic or Latino,1827 Bush Point,North Markville,MS,37674,795-86-1857,794.473.8646x317,lutztravis@example.org,CERNER_EHR_02,N,,2026-07-10T04:20:39.371698
MRN100196,Jennifer,Mills,1995-06-20,F,White,Declined to Answer,66912 Michael Flat,Jamesfurt,DE,31023,794-59-5655,(474)999-4657x96784,martineztracy@example.org,EPIC_EHR_01,N,,2026-07-10T04:20:39.372155
MRN100197,Mark,Taylor,1940-01-31,M,Native Hawaiian or Other Pacific Islander,Declined to Answer,70269 Hernandez Road,Port Charleshaven,WI,65013,244-54-6082,234.877.8485x880,reyesleonard@example.com,CERNER_EHR_02,N,,2026-07-10T04:20:39.372679
MRN100198,Jessica,Johnson,1947-07-02,F,Other,Hispanic or Latino,276 Larry Loaf Suite 197,Alvarezburgh,NY,07806,417-81-7171,(447)796-9545x0090,lisa90@example.net,EPIC_EHR_01,N,,2026-07-10T04:20:39.373156
MRN100199,Gloria,Davis,1963-08-28,F,Other,Declined to Answer,5033 Deborah Ramp Apt. 141,Geoffreyside,MD,05400,856-97-9624,869.786.4079x056,stokescraig@example.net,EPIC_EHR_01,N,,2026-07-10T04:20:39.373778
MRN100200,Christine,Crawford,2008-06-02,F,White,Not Hispanic or Latino,94563 Reid Turnpike Apt. 834,Brandonshire,MO,30108,416-33-4509,+1-519-719-5419x876,pearsonkevin@example.com,EPIC_EHR_01,N,,2026-07-10T04:20:39.374348
MRN100201,Jessica,Fernandez,1949-09-23,F,Black or African American,Hispanic or Latino,9878 Nicole Road Apt. 973,Adamsside,AS,81034,179-47-2657,001-769-308-3572x32466,meghanadams@example.com,EPIC_EHR_01,N,,2026-07-10T04:20:39.374953
MRN100202,Matthew,Scott,1988-03-28,M,Declined to Answer,Declined to Answer,12303 Marshall Points Suite 603,West Derek,KS,36909,234-86-7172,+1-382-807-0015x94165,joelduncan@example.net,EPIC_EHR_01,N,,2026-07-10T04:20:39.375552
MRN100203,Timothy,Boyd,2010-02-07,M,Declined to Answer,Declined to Answer,1391 Murphy Prairie Suite 363,North Gregory,KY,58103,269-66-1715,(449)707-8515x86734,tbaldwin@example.org,EPIC_EHR_01,N,,2026-07-10T04:20:39.376038
MRN100204,Matthew,Stein,1933-11-11,M,Native Hawaiian or Other Pacific Islander,Not Hispanic or Latino,348 Parker Squares,Rebeccaville,ND,31484,870-67-4833,760.864.4134x327,hillchristopher@example.com,EPIC_EHR_01,N,,2026-07-10T04:20:39.376666
MRN100205,Kaitlin,Gutierrez,2011-04-10,F,Declined to Answer,Not Hispanic or Latino,24815 Guzman Via Suite 700,Lake Scott,SD,18338,298-57-8218,5634459112,usparks@example.com,EPIC_EHR_01,N,,2026-07-10T04:20:39.377152
MRN100206,Karen,Moss,1955-07-19,F,Native Hawaiian or Other Pacific Islander,Declined to Answer,3165 Phillip Lane Apt. 008,North Terri,ID,34813,528-30-4271,001-320-269-6942x152,dayala@example.net,CERNER_EHR_02,N,,2026-07-10T04:20:39.377645
MRN100207,Johnny,Walker,1950-01-09,M,White,Declined to Answer,7626 Carol View Suite 362,Sparkstown,LA,34815,592-57-2680,997.435.9710,terri63@example.net,CERNER_EHR_02,N,,2026-07-10T04:20:39.378034
MRN100208,James,Henderson,1987-11-08,M,Declined to Answer,Hispanic or Latino,80053 Odonnell Rest,North Jonfurt,ME,52234,379-67-9410,+1-352-780-9242x87572,hthomas@example.com,EPIC_EHR_01,N,,2026-07-10T04:20:39.378477
MRN100209,Amanda,Anderson,2014-03-15,F,Black or African American,Not Hispanic or Latino,564 Austin Trace Suite 856,West Jillian,NM,20327,457-13-7797,+1-970-632-0320,janicegraham@example.com,EPIC_EHR_01,N,,2026-07-10T04:20:39.379038
MRN100210,Amanda,Kelly,1998-08-03,F,White,Not Hispanic or Latino,7121 Davis Ways Suite 228,Annashire,IL,76987,329-13-6221,7892261371,erin16@example.com,CERNER_EHR_02,N,,2026-07-10T04:20:39.379501
MRN100211,Leslie,Bean,2010-11-14,F,Black or African American,Hispanic or Latino,17774 Mark Cape,Nguyenshire,DC,28205,393-70-3273,8456018961,johnwise@example.com,CERNER_EHR_02,N,,2026-07-10T04:20:39.379964
MRN100212,Ann,Phelps,1946-03-01,F,White,Hispanic or Latino,2147 Fitzgerald Inlet Apt. 515,South Sean,MS,62948,119-42-4533,299-761-6592x661,prhodes@example.net,CERNER_EHR_02,N,,2026-07-10T04:20:39.380372
MRN100213,Michelle,Arias,1981-02-20,F,Asian,Hispanic or Latino,7617 Hernandez Crossroad,Mckenziehaven,NE,39230,408-25-1782,001-808-310-8186,kguerrero@example.com,EPIC_EHR_01,N,,2026-07-10T04:20:39.380815
MRN100214,Heather,Richards,2004-04-23,F,Declined to Answer,Not Hispanic or Latino,72260 Robert Squares,Leemouth,WV,88353,711-78-1269,294.252.3219x416,kwilson@example.net,EPIC_EHR_01,N,,2026-07-10T04:20:39.381187
MRN100215,John,Holt,2013-12-03,M,Asian,Not Hispanic or Latino,9956 Miller Dale Apt. 310,Port Anthony,NJ,85517,101-88-6780,(936)883-1472,wilsonrachel@example.net,EPIC_EHR_01,N,,2026-07-10T04:20:39.381714
MRN100216,Michele,Maynard,1975-10-14,F,Other,Hispanic or Latino,334 Williams Branch Apt. 667,Benjaminfurt,NM,67787,636-56-2108,001-797-330-8069,patricia67@example.org,CERNER_EHR_02,N,,2026-07-10T04:20:39.382095
MRN100217,Johnny,Mcmillan,1963-10-23,M,American Indian or Alaska Native,Hispanic or Latino,24375 Hall Forges Suite 972,Jenniferfurt,MT,88726,750-59-7116,+1-957-329-3417x2232,fhahn@example.com,EPIC_EHR_01,N,,2026-07-10T04:20:39.382540
MRN100218,David,Hawkins,2026-06-14,M,White,Not Hispanic or Latino,5228 Lindsay Junction Suite 193,New Jeffreyview,MA,47063,346-94-2698,001-308-242-8910x77119,jacksondavid@example.org,CERNER_EHR_02,N,,2026-07-10T04:20:39.382979
MRN100219,Susan,Moore,1958-07-26,F,Asian,Declined to Answer,712 Cook Dam Apt. 376,East Maryfort,MA,38086,446-92-3868,821.845.6532x86326,hcrane@example.net,CERNER_EHR_02,N,,2026-07-10T04:20:39.383449
MRN100220,Heidi,Johnson,1944-06-30,F,American Indian or Alaska Native,Declined to Answer,811 Edwards Trail,South Bryan,WV,05362,286-27-2033,+1-429-808-4668x45504,ischneider@example.net,CERNER_EHR_02,N,,2026-07-10T04:20:39.383902
MRN100221,Rachel,Pearson,1997-06-24,F,Black or African American,Hispanic or Latino,41085 Hardy Streets Apt. 884,North William,ME,68833,304-15-6170,620-708-9434x68105,williamsdebra@example.org,CERNER_EHR_02,N,,2026-07-10T04:20:39.384421
MRN100222,Joan,Armstrong,1931-01-08,F,Native Hawaiian or Other Pacific Islander,Not Hispanic or Latino,99893 Evans Shores Apt. 683,West Zacharyborough,GU,47853,359-14-4131,912.366.1106x273,erica69@example.net,EPIC_EHR_01,N,,2026-07-10T04:20:39.384855
MRN100223,Joseph,Foster,1955-11-02,M,Asian,Not Hispanic or Latino,677 Colon Divide Apt. 772,Lake Jasonfort,AZ,98345,227-57-8159,(685)219-6115,davidtorres@example.com,CERNER_EHR_02,N,,2026-07-10T04:20:39.385451
MRN100224,Elizabeth,Tucker,2006-06-23,F,American Indian or Alaska Native,Not Hispanic or Latino,604 Lewis Viaduct,Smithside,MI,09356,291-73-9151,9674949756,williammurray@example.com,EPIC_EHR_01,N,,2026-07-10T04:20:39.385940
MRN100225,Mary,Hernandez,2000-05-24,F,Other,Not Hispanic or Latino,966 Rachel Junction,Lake Pamelaview,SD,12104,180-65-3956,(209)548-1813,bshaw@example.org,EPIC_EHR_01,N,,2026-07-10T04:20:39.386309
MRN100226,Mary,Schmidt,2022-11-28,F,Asian,Declined to Answer,39718 Morales Cape Suite 056,South Andrew,NC,42100,402-49-8305,(641)811-8242x2412,brianwoodward@example.org,EPIC_EHR_01,N,,2026-07-10T04:20:39.386858
MRN100227,Alyssa,Brown,1967-12-15,F,American Indian or Alaska Native,Not Hispanic or Latino,65461 James Terrace Apt. 788,Averyview,AR,42225,557-15-6776,386.517.0630x489,kevinrussell@example.org,EPIC_EHR_01,N,,2026-07-10T04:20:39.387312
MRN100228,Sarah,Mason,2005-09-04,F,Declined to Answer,Hispanic or Latino,8238 Ali Point,Williamsmouth,MP,81861,176-95-7655,620-207-4946x5398,jocelynhart@example.com,EPIC_EHR_01,N,,2026-07-10T04:20:39.387820
MRN100229,Brandon,Hale,2010-04-01,M,Black or African American,Declined to Answer,3985 Reid Terrace Suite 435,Jasonmouth,AK,91182,794-66-1570,(909)870-0268,cobbdebra@example.org,EPIC_EHR_01,N,,2026-07-10T04:20:39.388257
MRN100230,Joshua,Stafford,2008-11-11,M,Asian,Not Hispanic or Latino,156 Hughes Villages Apt. 175,South Albert,WA,03093,492-82-1530,001-545-231-9433x75047,traceylittle@example.org,EPIC_EHR_01,N,,2026-07-10T04:20:39.388744
MRN100231,Sheila,Carroll,1977-12-12,F,Asian,Not Hispanic or Latino,999 Cameron Crossroad,East Jordanshire,PR,30380,881-19-3255,843.608.9487x06056,fraziersteven@example.com,EPIC_EHR_01,N,,2026-07-10T04:20:39.389171
MRN100232,Kelly,Williams,1999-10-04,F,Asian,Hispanic or Latino,6875 Philip Isle,New Lindseybury,UT,56051,216-13-4048,933-825-4110,watkinsconnie@example.com,EPIC_EHR_01,N,,2026-07-10T04:20:39.389666
MRN100233,Sara,Wright,1975-12-26,F,White,Not Hispanic or Latino,58319 Duran Road Suite 911,North Nicholasland,WY,17217,893-43-8311,2706496110,nmorales@example.com,EPIC_EHR_01,N,,2026-07-10T04:20:39.390101
MRN100234,Crystal,Greene,1993-11-08,F,American Indian or Alaska Native,Hispanic or Latino,6769 Matthew Spring,South Zacharyshire,ID,14657,225-27-2213,609-719-3928,nolson@example.com,EPIC_EHR_01,N,,2026-07-10T04:20:39.390527
MRN100235,Charlene,Taylor,1934-10-02,F,Declined to Answer,Declined to Answer,9685 Silva Plains,East Terrance,PA,45445,427-95-6692,550-589-2038x8065,kristenpeterson@example.net,CERNER_EHR_02,N,,2026-07-10T04:20:39.390981
MRN100236,Karen,Holt,1975-05-23,F,Declined to Answer,Hispanic or Latino,959 Barnes Estates Apt. 707,North Danielle,UT,30683,828-99-3852,293.337.5636x205,anthony12@example.com,CERNER_EHR_02,N,,2026-07-10T04:20:39.391474
MRN100237,Jeremiah,Welch,2018-02-21,M,Black or African American,Hispanic or Latino,03342 Nicole Stravenue Apt. 583,East Andrew,MP,34814,342-73-1430,502-761-5347,donna89@example.com,EPIC_EHR_01,N,,2026-07-10T04:20:39.391842
MRN100238,Sherry,Jones,1944-05-21,F,Native Hawaiian or Other Pacific Islander,Hispanic or Latino,38655 Rowland Gardens,Port Christinaborough,PR,70685,726-21-2077,325-430-4289x7317,ppotter@example.net,EPIC_EHR_01,N,,2026-07-10T04:20:39.392236
MRN100239,Jacqueline,Stone,1947-09-15,F,Declined to Answer,Not Hispanic or Latino,777 Perkins Route Apt. 333,Royfurt,IL,40608,688-19-3053,(569)225-4812x14785,vhunt@example.com,CERNER_EHR_02,N,,2026-07-10T04:20:39.392765
MRN100240,Jerry,Reynolds,1965-10-20,M,Other,Declined to Answer,4602 Hall Rue Apt. 514,Port Joshuabury,CT,16044,452-26-3981,650-683-5354,janicebolton@example.net,CERNER_EHR_02,N,,2026-07-10T04:20:39.393260
MRN100241,Patrick,Gaines,1931-05-05,M,Declined to Answer,Hispanic or Latino,5669 Thomas Passage Apt. 633,South Jesus,OR,72933,227-76-3507,001-777-451-5366x37780,kevinrojas@example.com,EPIC_EHR_01,N,,2026-07-10T04:20:39.393817
MRN100242,Robert,Flowers,1963-02-22,M,Other,Hispanic or Latino,6845 Ashley Bypass Apt. 259,Bairdborough,MO,08851,454-76-5653,+1-363-471-5974,leonardgregory@example.net,CERNER_EHR_02,N,,2026-07-10T04:20:39.394345
MRN100243,Lindsey,Johnson,1949-08-16,F,Native Hawaiian or Other Pacific Islander,Not Hispanic or Latino,3348 Shawn Land Apt. 256,Mooreville,DC,70814,228-90-5961,(571)963-2346x72994,james27@example.org,EPIC_EHR_01,N,,2026-07-10T04:20:39.394827
MRN100244,Roger,Jacobs,1954-03-21,M,Black or African American,Declined to Answer,777 Jo Heights Suite 546,South John,MH,81468,694-29-3804,001-667-362-9160x3248,reginajenkins@example.net,EPIC_EHR_01,N,,2026-07-10T04:20:39.395259
MRN100245,Barbara,Wood,2003-01-15,F,Native Hawaiian or Other Pacific Islander,Hispanic or Latino,7243 Steven Cliffs Suite 656,South Benjamin,KS,15532,129-20-1744,001-925-677-7118x372,georgesmith@example.org,CERNER_EHR_02,N,,2026-07-10T04:20:39.395745
MRN100246,Cassandra,Martinez,2001-09-13,F,Declined to Answer,Declined to Answer,04275 Jay Bypass,South Heather,MP,83704,526-89-1496,516.347.0900x63353,fisherveronica@example.com,EPIC_EHR_01,N,,2026-07-10T04:20:39.396173
MRN100247,Samantha,Frazier,1936-08-02,F,Asian,Not Hispanic or Latino,220 Hunt Via,Marcusborough,RI,27648,350-97-7653,+1-466-213-3155,avaldez@example.com,EPIC_EHR_01,N,,2026-07-10T04:20:39.396631
MRN100248,Daniel,Robinson,1993-09-07,M,Black or African American,Not Hispanic or Latino,950 Nicole Loop Suite 971,West Susan,PA,43014,525-71-8609,+1-862-552-5715x0997,hallchristina@example.org,EPIC_EHR_01,N,,2026-07-10T04:20:39.397064
MRN100249,Eric,Rojas,2003-03-21,M,Other,Not Hispanic or Latino,25743 Nicholas Row,East Sandramouth,WA,43583,851-54-7532,(745)708-6403,jamiebrown@example.net,EPIC_EHR_01,N,,2026-07-10T04:20:39.397681
MRN100250,John,Miller,1975-03-22,M,White,Not Hispanic or Latino,214 Oak Street,Chicago,IL,60614,412-55-7731,312-555-0148,john.miller@example.com,EPIC_EHR_01,N,,2026-07-10T04:20:39.397681
